{
    "array": [
        "1",
        "0",
        "1",
        "0",
        "0"
    ],
    "diffParam": -90,
    "dolgParam": -180,
    "incremKoef": 73.48469543457031,
    "krenParam": -90,
    "kursParam": 220.45408630371094,
    "shirParam": 31.362258911132812
}
